{
  "exact_match": 0.5,
  "per_attribute": {
    "gender": 0.94,
    "masterCategory": 0.98,
    "subCategory": 0.98,
    "articleType": 0.92,
    "baseColour": 0.92,
    "season": 0.68,
    "usage": 0.9
  },
  "category_breakdown": {
    "Accessories": 0.6428571428571429,
    "Apparel": 0.36363636363636365,
    "Footwear": 0.6153846153846154,
    "Personal Care": 0.0
  },
  "total_samples": 50,
  "timestamp": "2026-03-26T19:38:58.808686+00:00"
}
