{
  "exact_match": 0.48,
  "per_attribute": {
    "gender": 0.94,
    "masterCategory": 0.98,
    "subCategory": 1.0,
    "articleType": 0.94,
    "baseColour": 0.92,
    "season": 0.7,
    "usage": 0.9
  },
  "category_breakdown": {
    "Accessories": 0.7142857142857143,
    "Apparel": 0.3181818181818182,
    "Footwear": 0.5384615384615384,
    "Personal Care": 0.0
  },
  "total_samples": 50,
  "timestamp": "2026-03-26T19:39:36.790945+00:00"
}
