{
  "exact_match": 0.52,
  "per_attribute": {
    "gender": 0.94,
    "masterCategory": 0.98,
    "subCategory": 1.0,
    "articleType": 0.96,
    "baseColour": 0.92,
    "season": 0.68,
    "usage": 0.92
  },
  "category_breakdown": {
    "Accessories": 0.6428571428571429,
    "Apparel": 0.4090909090909091,
    "Footwear": 0.6153846153846154,
    "Personal Care": 0.0
  },
  "total_samples": 50,
  "timestamp": "2026-03-27T08:59:17.278778+00:00"
}
